"","Coordinates","YYYYMMDD","Continous_id","site","N_swd","N_other","LON","LAT","YEAR","MM","RH2M","T2M","PRECTOTCORR"
"1","36.608054,-79.5244928",2023-06-19,440,"NaCa",19,NA,-79.5244928,36.608054,2023,6,80.82,23.32,25.16
"2","36.608054,-79.5244928",2023-07-10,435,"NaCa",34,NA,-79.5244928,36.608054,2023,7,73.38,23.97,5.16
"3","36.608054,-79.5244928",2023-07-20,442,"NaCa",130,NA,-79.5244928,36.608054,2023,7,76.91,26.2,0.48
"4","36.608054,-79.5244928",2023-08-03,438,"NaCa",62,NA,-79.5244928,36.608054,2023,8,82.59,21.16,10.35
"5","36.608054,-79.5244928",2023-08-27,436,"NaCa",5,NA,-79.5244928,36.608054,2023,8,77.08,27.18,5.67
"6","36.608054,-79.5244928",2023-08-27,443,"NaCa",75,NA,-79.5244928,36.608054,2023,8,77.08,27.18,5.67
"7","36.608054,-79.5244928",2023-09-12,439,"NaCa",52,NA,-79.5244928,36.608054,2023,9,71.5,25.02,13.52
"8","36.608054,-79.5244928",2023-10-01,441,"NaCa",59,NA,-79.5244928,36.608054,2023,10,73.55,19.93,0.01
"9","36.608054,-79.5244928",2023-11-08,437,"NaCa",5,NA,-79.5244928,36.608054,2023,11,73.33,16.73,0
"10","36.6500994,-80.6151617",2022-06-30,310,"Levering  Orchard",4,NA,-80.6151617,36.6500994,2022,6,65.26,25.78,0.04
"11","37.5825066,-77.45722",2023-08-01,423,"LiHa",124,NA,-77.45722,37.5825066,2023,8,61.51,23.73,0.1
"12","37.5825066,-77.45722",2023-08-22,422,"LiHa",3,NA,-77.45722,37.5825066,2023,8,56.46,25.5,0
"13","37.5825066,-77.45722",2023-09-04,425,"LiHa",2,NA,-77.45722,37.5825066,2023,9,65.51,27.56,0
"14","37.5825066,-77.45722",2023-10-30,424,"LiHa",1,NA,-77.45722,37.5825066,2023,10,76.8,19.36,1.22
"15","37.9740223,-78.5447915",2017-06-22,267,"Carter's Mountain",46,NA,-78.5447915,37.9740223,2017,6,72.05,24.02,0.38
"16","37.9740223,-78.5447915",2017-07-20,268,"Carter's Mountain",69,NA,-78.5447915,37.9740223,2017,7,51.44,29.19,0
"17","37.9740223,-78.5447915",2017-08-03,269,"Carter's Mountain",119,NA,-78.5447915,37.9740223,2017,8,57.83,25.69,0.25
"18","37.9740223,-78.5447915",2017-08-03,270,"Carter's Mountain",29,NA,-78.5447915,37.9740223,2017,8,57.83,25.69,0.25
"19","37.9740223,-78.5447915",2017-08-17,272,"Carter's Mountain",113,NA,-78.5447915,37.9740223,2017,8,66.93,27.37,2.03
"20","37.9740223,-78.5447915",2017-08-17,271,"Carter's Mountain",81,NA,-78.5447915,37.9740223,2017,8,66.93,27.37,2.03
"21","37.9740223,-78.5447915",2017-08-31,273,"Carter's Mountain",38,NA,-78.5447915,37.9740223,2017,8,64.04,23.33,0.01
"22","37.9740223,-78.5447915",2017-08-31,274,"Carter's Mountain",65,NA,-78.5447915,37.9740223,2017,8,64.04,23.33,0.01
"23","37.9740223,-78.5447915",2017-09-14,275,"Carter's Mountain",73,NA,-78.5447915,37.9740223,2017,9,77.09,20.42,0.21
"24","37.9740223,-78.5447915",2017-09-14,276,"Carter's Mountain",58,NA,-78.5447915,37.9740223,2017,9,77.09,20.42,0.21
"25","37.9740223,-78.5447915",2017-10-26,277,"Carter's Mountain",1,NA,-78.5447915,37.9740223,2017,10,59.34,8.25,0.01
"26","37.9740223,-78.5447915",2017-11-24,278,"Carter's Mountain",1,NA,-78.5447915,37.9740223,2017,11,64.47,3.28,0
"27","37.9740223,-78.5447915",2017-12-07,279,"Carter's Mountain",1,NA,-78.5447915,37.9740223,2017,12,68.37,1.83,0
"28","37.9740223,-78.5447915",2018-06-28,282,"Carter's Mountain",1,NA,-78.5447915,37.9740223,2018,6,79.34,24.05,0.02
"29","37.9740223,-78.5447915",2018-07-05,281,"Carter's Mountain",1,NA,-78.5447915,37.9740223,2018,7,73.39,26.97,0.74
"30","37.9740223,-78.5447915",2018-07-26,280,"Carter's Mountain",55,NA,-78.5447915,37.9740223,2018,7,70.22,24.77,0.49
"31","37.9740223,-78.5447915",2018-07-26,295,"Carter's Mountain",28,NA,-78.5447915,37.9740223,2018,7,70.22,24.77,0.49
"32","37.9740223,-78.5447915",2018-08-02,297,"Carter's Mountain",2,NA,-78.5447915,37.9740223,2018,8,93.79,23.21,13.51
"33","37.9740223,-78.5447915",2018-08-02,296,"Carter's Mountain",10,NA,-78.5447915,37.9740223,2018,8,93.79,23.21,13.51
"34","37.9740223,-78.5447915",2018-08-09,299,"Carter's Mountain",24,NA,-78.5447915,37.9740223,2018,8,77.85,24.75,0.1
"35","37.9740223,-78.5447915",2018-08-09,298,"Carter's Mountain",30,NA,-78.5447915,37.9740223,2018,8,77.85,24.75,0.1
"36","37.9740223,-78.5447915",2018-08-16,301,"Carter's Mountain",5,NA,-78.5447915,37.9740223,2018,8,65.92,25.79,0.15
"37","37.9740223,-78.5447915",2018-08-16,300,"Carter's Mountain",20,NA,-78.5447915,37.9740223,2018,8,65.92,25.79,0.15
"38","37.9740223,-78.5447915",2018-08-23,284,"Carter's Mountain",13,NA,-78.5447915,37.9740223,2018,8,64.03,19.14,0.01
"39","37.9740223,-78.5447915",2018-08-23,286,"Carter's Mountain",17,NA,-78.5447915,37.9740223,2018,8,64.03,19.14,0.01
"40","37.9740223,-78.5447915",2018-08-23,285,"Carter's Mountain",9,NA,-78.5447915,37.9740223,2018,8,64.03,19.14,0.01
"41","37.9740223,-78.5447915",2018-08-30,288,"Carter's Mountain",13,NA,-78.5447915,37.9740223,2018,8,70.83,26.63,13.88
"42","37.9740223,-78.5447915",2018-08-30,287,"Carter's Mountain",5,NA,-78.5447915,37.9740223,2018,8,70.83,26.63,13.88
"43","37.9740223,-78.5447915",2018-09-13,289,"Carter's Mountain",12,NA,-78.5447915,37.9740223,2018,9,86.04,23.49,1.27
"44","37.9740223,-78.5447915",2018-09-20,290,"Carter's Mountain",3,NA,-78.5447915,37.9740223,2018,9,82.72,23.52,1.02
"45","37.9740223,-78.5447915",2018-10-04,291,"Carter's Mountain",2,NA,-78.5447915,37.9740223,2018,10,84.05,22.82,0.21
"46","37.9740223,-78.5447915",2018-10-11,292,"Carter's Mountain",2,NA,-78.5447915,37.9740223,2018,10,91.13,21.6,51.36
"47","37.9740223,-78.5447915",2018-10-25,293,"Carter's Mountain",1,NA,-78.5447915,37.9740223,2018,10,72.16,5.16,0
"48","37.9740223,-78.5447915",2018-11-01,294,"Carter's Mountain",4,NA,-78.5447915,37.9740223,2018,11,88.09,15.97,0.33
"49","37.9740223,-78.5447915",2018-11-01,283,"Carter's Mountain",5,NA,-78.5447915,37.9740223,2018,11,88.09,15.97,0.33
"50","37.9740223,-78.5447915",2019-08-14,302,"Carter's Mountain",131,NA,-78.5447915,37.9740223,2019,8,73.44,26.57,1.92
"51","37.9740223,-78.5447915",2019-10-01,349,"Carter's Mountain",0,NA,-78.5447915,37.9740223,2019,10,69.78,24.35,0.11
"52","37.9740223,-78.5447915",2020-07-17,342,"Carter's Mountain",0,NA,-78.5447915,37.9740223,2020,7,68.04,27.57,1.45
"53","37.9740223,-78.5447915",2020-07-17,343,"Carter's Mountain",24,NA,-78.5447915,37.9740223,2020,7,68.04,27.57,1.45
"54","37.9740223,-78.5447915",2020-07-17,337,"Carter's Mountain",0,NA,-78.5447915,37.9740223,2020,7,68.04,27.57,1.45
"55","37.9740223,-78.5447915",2020-07-17,338,"Carter's Mountain",0,NA,-78.5447915,37.9740223,2020,7,68.04,27.57,1.45
"56","37.9740223,-78.5447915",2020-07-17,340,"Carter's Mountain",0,NA,-78.5447915,37.9740223,2020,7,68.04,27.57,1.45
"57","37.9740223,-78.5447915",2020-07-17,346,"Carter's Mountain",10,NA,-78.5447915,37.9740223,2020,7,68.04,27.57,1.45
"58","37.9740223,-78.5447915",2020-07-17,344,"Carter's Mountain",6,NA,-78.5447915,37.9740223,2020,7,68.04,27.57,1.45
"59","37.9740223,-78.5447915",2020-08-05,345,"Carter's Mountain",0,NA,-78.5447915,37.9740223,2020,8,72.26,24.03,1.3
"60","37.9740223,-78.5447915",2020-08-05,339,"Carter's Mountain",165,NA,-78.5447915,37.9740223,2020,8,72.26,24.03,1.3
"61","37.9740223,-78.5447915",2020-08-21,341,"Carter's Mountain",5,NA,-78.5447915,37.9740223,2020,8,88.38,22.13,3.52
"62","37.9740223,-78.5447915",2020-10-01,303,"Carter's Mountain",1,NA,-78.5447915,37.9740223,2020,10,80.49,15.57,3.43
"63","37.9740223,-78.5447915",2020-10-01,304,"Carter's Mountain",1,NA,-78.5447915,37.9740223,2020,10,80.49,15.57,3.43
"64","37.9740223,-78.5447915",2020-10-21,305,"Carter's Mountain",1,NA,-78.5447915,37.9740223,2020,10,86.33,17.61,0.19
"65","37.9740223,-78.5447915",2020-10-21,306,"Carter's Mountain",1,NA,-78.5447915,37.9740223,2020,10,86.33,17.61,0.19
"66","37.9740223,-78.5447915",2022-07-05,315,"Carter's Mountain",1,NA,-78.5447915,37.9740223,2022,7,71.62,25.66,1.47
"67","37.9740223,-78.5447915",2022-07-19,318,"Carter's Mountain",1,NA,-78.5447915,37.9740223,2022,7,68.93,26.83,3.27
"68","37.9740223,-78.5447915",2022-07-19,328,"Carter's Mountain",16,NA,-78.5447915,37.9740223,2022,7,68.93,26.83,3.27
"69","37.9740223,-78.5447915",2022-07-19,319,"Carter's Mountain",2,NA,-78.5447915,37.9740223,2022,7,68.93,26.83,3.27
"70","37.9740223,-78.5447915",2022-08-02,313,"Carter's Mountain",14,NA,-78.5447915,37.9740223,2022,8,68.81,26.46,0.66
"71","37.9740223,-78.5447915",2022-08-02,312,"Carter's Mountain",24,NA,-78.5447915,37.9740223,2022,8,68.81,26.46,0.66
"72","37.9740223,-78.5447915",2022-08-02,329,"Carter's Mountain",1,NA,-78.5447915,37.9740223,2022,8,68.81,26.46,0.66
"73","37.9740223,-78.5447915",2022-08-30,314,"Carter's Mountain",1,NA,-78.5447915,37.9740223,2022,8,73.14,25.16,5
"74","37.9740223,-78.5447915",2022-08-30,316,"Carter's Mountain",2,NA,-78.5447915,37.9740223,2022,8,73.14,25.16,5
"75","37.9740223,-78.5447915",2022-11-08,317,"Carter's Mountain",1,NA,-78.5447915,37.9740223,2022,11,50.59,9.67,0.08
"76","37.9740223,-78.5447915",2023-07-18,320,"Carter's Mountain",2,NA,-78.5447915,37.9740223,2023,7,76.92,23.99,0.3
"77","37.9740223,-78.5447915",2023-07-27,321,"Carter's Mountain",1,NA,-78.5447915,37.9740223,2023,7,66.87,27.25,0.01
"78","37.9740223,-78.5447915",2023-08-01,322,"Carter's Mountain",3,NA,-78.5447915,37.9740223,2023,8,55.13,21.97,0.01
"79","37.9740223,-78.5447915",2023-08-01,323,"Carter's Mountain",1,NA,-78.5447915,37.9740223,2023,8,55.13,21.97,0.01
"80","37.9740223,-78.5447915",2023-08-22,326,"Carter's Mountain",5,NA,-78.5447915,37.9740223,2023,8,54.72,25.13,0
"81","37.9740223,-78.5447915",2023-09-22,330,"Carter's Mountain",1,NA,-78.5447915,37.9740223,2023,9,69.4,16.54,0.86
"82","37.9740223,-78.5447915",2024-08-06,336,"Carter's Mountain",5,NA,-78.5447915,37.9740223,2024,8,70.4,27.37,0.04
"83","37.9740223,-78.5447915",2024-10-01,348,"Carter's Mountain",13,NA,-78.5447915,37.9740223,2024,10,92.05,19.14,7.94
"84","37.9740223,-78.5447915",2024-10-10,347,"Carter's Mountain",0,NA,-78.5447915,37.9740223,2024,10,72.63,10.28,0
"85","37.9778276,-78.3417122",2021-07-26,359,"RaPo",1,NA,-78.3417122,37.9778276,2021,7,76.55,26.71,5.75
"86","37.9778276,-78.3417122",2021-08-01,363,"RaPo",3,NA,-78.3417122,37.9778276,2021,8,72.7,24.62,17.62
"87","37.9778276,-78.3417122",2021-08-10,361,"RaPo",8,NA,-78.3417122,37.9778276,2021,8,70.65,28.07,5.47
"88","37.9778276,-78.3417122",2021-08-11,366,"RaPo",37,NA,-78.3417122,37.9778276,2021,8,73.35,28.18,2.35
"89","37.9778276,-78.3417122",2021-09-06,356,"RaPo",3,NA,-78.3417122,37.9778276,2021,9,65.25,23.55,1.33
"90","37.9778276,-78.3417122",2021-09-20,360,"RaPo",1,NA,-78.3417122,37.9778276,2021,9,72.51,22.06,0
"91","37.9778276,-78.3417122",2021-11-12,367,"RaPo",1,NA,-78.3417122,37.9778276,2021,11,74.85,13.71,6.7
"92","37.9778276,-78.3417122",2021-11-21,355,"RaPo",7,NA,-78.3417122,37.9778276,2021,11,78.7,3.16,0.02
"93","37.9778276,-78.3417122",2021-11-22,364,"RaPo",16,NA,-78.3417122,37.9778276,2021,11,73.07,6.2,0.29
"94","37.9778276,-78.3417122",2021-12-02,362,"RaPo",8,NA,-78.3417122,37.9778276,2021,12,80.37,9.9,0
"95","37.9778276,-78.3417122",2021-12-11,358,"RaPo",1,NA,-78.3417122,37.9778276,2021,12,86.99,12.64,4.65
"96","37.9778276,-78.3417122",2021-12-17,365,"RaPo",12,NA,-78.3417122,37.9778276,2021,12,80.33,12.93,0.06
"97","37.9778276,-78.3417122",2021-12-25,357,"RaPo",1,NA,-78.3417122,37.9778276,2021,12,77.05,13.1,0.1
"98","37.97985,-78.48961",2021-10-22,354,"FeAb",41,NA,-78.48961,37.97985,2021,10,71.7,15.56,0.09
"99","38.021608,-78.631458",2022-08-15,368,"WiHa",1,NA,-78.631458,38.021608,2022,8,89.39,18.24,8.95
"100","38.021608,-78.631458",2022-08-15,386,"WiHa",1,NA,-78.631458,38.021608,2022,8,89.39,18.24,8.95
"101","38.021608,-78.631458",2022-09-02,385,"WiHa",1,NA,-78.631458,38.021608,2022,9,60.6,24.05,0
"102","38.021608,-78.631458",2022-09-12,369,"WiHa",1,NA,-78.631458,38.021608,2022,9,81.41,23.6,7.3
"103","38.036324,-78.465637",2022-06-13,397,"AlBr",21,NA,-78.465637,38.036324,2022,6,67.78,27.46,0.97
"104","38.036324,-78.465637",2022-08-13,398,"AlBr",1,NA,-78.465637,38.036324,2022,8,49.15,21.57,0
"105","38.036324,-78.465637",2022-10-23,399,"AlBr",9,NA,-78.465637,38.036324,2022,10,65.45,11.95,0.03
"106","38.036324,-78.465637",2023-07-11,449,"AlBr",1,NA,-78.465637,38.036324,2023,7,58.89,24.28,0
"107","38.036324,-78.465637",2023-08-16,448,"AlBr",21,NA,-78.465637,38.036324,2023,8,59.93,24.38,0.11
"108","38.0408,-84.6058",2020-01-28,122,"Lexington Bluegrass Airport",22,NA,-84.6058,38.0408,2020,1,89.05,-0.27,0.08
"109","38.0408,-84.6058",2020-01-31,123,"Lexington Bluegrass Airport",0,NA,-84.6058,38.0408,2020,1,96.86,1.74,4.08
"110","38.0408,-84.6058",2020-02-11,124,"Lexington Bluegrass Airport",3,NA,-84.6058,38.0408,2020,2,90.65,3.61,6.85
"111","38.0408,-84.6058",2020-02-14,125,"Lexington Bluegrass Airport",0,NA,-84.6058,38.0408,2020,2,75.18,-5.36,0.03
"112","38.0408,-84.6058",2020-02-26,126,"Lexington Bluegrass Airport",0,NA,-84.6058,38.0408,2020,2,92.6,2.7,4.73
"113","38.0408,-84.6058",2020-02-28,127,"Lexington Bluegrass Airport",0,NA,-84.6058,38.0408,2020,2,84.69,0.72,0.39
"114","38.0408,-84.6058",2020-03-10,128,"Lexington Bluegrass Airport",0,NA,-84.6058,38.0408,2020,3,89.23,12.56,6.4
"115","38.0408,-84.6058",2020-03-13,129,"Lexington Bluegrass Airport",0,NA,-84.6058,38.0408,2020,3,80.93,9.06,7.84
"116","38.0408,-84.6058",2020-03-24,130,"Lexington Bluegrass Airport",0,NA,-84.6058,38.0408,2020,3,91.69,8.49,8.24
"117","38.0408,-84.6058",2020-03-30,131,"Lexington Bluegrass Airport",0,NA,-84.6058,38.0408,2020,3,79.98,10.52,0
"118","38.0408,-84.6058",2020-04-05,132,"Lexington Bluegrass Airport",0,NA,-84.6058,38.0408,2020,4,86,14.6,0.19
"119","38.0408,-84.6058",2020-04-21,133,"Lexington Bluegrass Airport",0,NA,-84.6058,38.0408,2020,4,72.42,10.61,0.08
"120","38.0408,-84.6058",2020-05-02,134,"Lexington Bluegrass Airport",0,NA,-84.6058,38.0408,2020,5,81.49,16.96,0.04
"121","38.0408,-84.6058",2020-05-17,135,"Lexington Bluegrass Airport",0,NA,-84.6058,38.0408,2020,5,87.26,20.98,0.21
"122","38.0408,-84.6058",2020-05-31,136,"Lexington Bluegrass Airport",0,NA,-84.6058,38.0408,2020,5,75.24,15.47,0
"123","38.0408,-84.6058",2020-06-13,137,"Lexington Bluegrass Airport",0,NA,-84.6058,38.0408,2020,6,72.58,21.1,0.13
"124","38.0408,-84.6058",2020-06-17,138,"Lexington Bluegrass Airport",1,NA,-84.6058,38.0408,2020,6,80.44,19.08,0
"125","38.0408,-84.6058",2020-06-24,139,"Lexington Bluegrass Airport",0,NA,-84.6058,38.0408,2020,6,77.84,21.43,0.73
"126","38.0408,-84.6058",2020-07-01,140,"Lexington Bluegrass Airport",0,NA,-84.6058,38.0408,2020,7,80.28,24.89,7.66
"127","38.0408,-84.6058",2020-07-11,141,"Lexington Bluegrass Airport",0,NA,-84.6058,38.0408,2020,7,77.47,24.28,0.7
"128","38.0408,-84.6058",2020-07-15,142,"Lexington Bluegrass Airport",0,NA,-84.6058,38.0408,2020,7,68.53,25.79,0
"129","38.0408,-84.6058",2020-07-27,143,"Lexington Bluegrass Airport",39,NA,-84.6058,38.0408,2020,7,72.89,27.37,2.47
"130","38.0408,-84.6058",2020-07-29,144,"Lexington Bluegrass Airport",39,NA,-84.6058,38.0408,2020,7,70.86,27.31,0.01
"131","38.0408,-84.6058",2020-08-09,145,"Lexington Bluegrass Airport",133,NA,-84.6058,38.0408,2020,8,60.18,25.95,0
"132","38.0408,-84.6058",2020-08-12,146,"Lexington Bluegrass Airport",118,NA,-84.6058,38.0408,2020,8,74.23,25.04,0
"133","38.0408,-84.6058",2020-08-22,147,"Lexington Bluegrass Airport",43,NA,-84.6058,38.0408,2020,8,84.22,22.05,9.32
"134","38.0408,-84.6058",2020-08-26,148,"Lexington Bluegrass Airport",107,NA,-84.6058,38.0408,2020,8,68.69,26.78,0.01
"135","38.0408,-84.6058",2020-09-05,149,"Lexington Bluegrass Airport",47,NA,-84.6058,38.0408,2020,9,57.26,19.46,0
"136","38.0408,-84.6058",2020-09-09,150,"Lexington Bluegrass Airport",191,NA,-84.6058,38.0408,2020,9,70.34,23.81,0
"137","38.0408,-84.6058",2020-09-18,151,"Lexington Bluegrass Airport",364,NA,-84.6058,38.0408,2020,9,69.71,15.34,0
"138","38.0408,-84.6058",2020-09-23,152,"Lexington Bluegrass Airport",755,NA,-84.6058,38.0408,2020,9,72.28,16.06,0.04
"139","38.0408,-84.6058",2020-10-03,153,"Lexington Bluegrass Airport",806,NA,-84.6058,38.0408,2020,10,63.51,12.43,0.06
"140","38.0408,-84.6058",2020-10-07,154,"Lexington Bluegrass Airport",437,NA,-84.6058,38.0408,2020,10,66.68,17.51,0
"141","38.0408,-84.6058",2020-10-17,155,"Lexington Bluegrass Airport",394,NA,-84.6058,38.0408,2020,10,51.73,8.88,0
"142","38.0408,-84.6058",2020-10-21,156,"Lexington Bluegrass Airport",258,NA,-84.6058,38.0408,2020,10,80.98,18.38,0.07
"143","38.0408,-84.6058",2020-11-04,157,"Lexington Bluegrass Airport",88,NA,-84.6058,38.0408,2020,11,79.04,10.43,0.01
"144","38.0408,-84.6058",2020-11-14,158,"Lexington Bluegrass Airport",972,NA,-84.6058,38.0408,2020,11,80.12,7.22,1.07
"145","38.0408,-84.6058",2020-11-18,159,"Lexington Bluegrass Airport",581,NA,-84.6058,38.0408,2020,11,67.42,1.7,0
"146","38.0408,-84.6058",2020-11-28,160,"Lexington Bluegrass Airport",696,NA,-84.6058,38.0408,2020,11,73.9,4.84,0
"147","38.0408,-84.6058",2020-12-02,161,"Lexington Bluegrass Airport",810,NA,-84.6058,38.0408,2020,12,79.81,-1.63,0.21
"148","38.0408,-84.6058",2020-12-11,162,"Lexington Bluegrass Airport",518,NA,-84.6058,38.0408,2020,12,87.55,8.8,0.01
"149","38.0408,-84.6058",2020-12-16,163,"Lexington Bluegrass Airport",827,NA,-84.6058,38.0408,2020,12,95.8,0.03,7.72
"150","38.0408,-84.6058",2020-12-27,164,"Lexington Bluegrass Airport",741,NA,-84.6058,38.0408,2020,12,91.14,1.72,0.4
"151","38.0408,-84.6058",2020-12-29,165,"Lexington Bluegrass Airport",358,NA,-84.6058,38.0408,2020,12,81.69,-1.18,0.04
"152","38.0408,-84.6058",2021-01-10,166,"Lexington Bluegrass Airport",181,NA,-84.6058,38.0408,2021,1,84.59,-1.8,0
"153","38.0408,-84.6058",2021-01-13,167,"Lexington Bluegrass Airport",79,NA,-84.6058,38.0408,2021,1,89.06,-0.43,0
"154","38.0408,-84.6058",2021-01-22,168,"Lexington Bluegrass Airport",23,NA,-84.6058,38.0408,2021,1,81.43,-0.53,0.02
"155","38.0408,-84.6058",2021-02-07,169,"Lexington Bluegrass Airport",5,NA,-84.6058,38.0408,2021,2,77.17,-3.72,0.14
"156","38.0408,-84.6058",2021-02-13,170,"Lexington Bluegrass Airport",1,NA,-84.6058,38.0408,2021,2,93.24,-2.75,0.15
"157","38.0408,-84.6058",2021-02-20,171,"Lexington Bluegrass Airport",0,NA,-84.6058,38.0408,2021,2,91.61,-8.97,0.01
"158","38.0408,-84.6058",2021-02-24,172,"Lexington Bluegrass Airport",1,NA,-84.6058,38.0408,2021,2,87.26,8.63,0.31
"159","38.0408,-84.6058",2021-03-06,173,"Lexington Bluegrass Airport",0,NA,-84.6058,38.0408,2021,3,72.77,1.27,0
"160","38.0408,-84.6058",2021-03-10,174,"Lexington Bluegrass Airport",0,NA,-84.6058,38.0408,2021,3,85.98,11.21,0
"161","38.0408,-84.6058",2021-03-22,175,"Lexington Bluegrass Airport",0,NA,-84.6058,38.0408,2021,3,79.86,12.06,0.01
"162","38.0408,-84.6058",2021-03-24,176,"Lexington Bluegrass Airport",0,NA,-84.6058,38.0408,2021,3,85.39,16.51,0.09
"163","38.0408,-84.6058",2021-04-04,177,"Lexington Bluegrass Airport",2,NA,-84.6058,38.0408,2021,4,76.04,11.17,0
"164","38.0408,-84.6058",2021-04-07,178,"Lexington Bluegrass Airport",0,NA,-84.6058,38.0408,2021,4,86.96,18.26,0.19
"165","38.0408,-84.6058",2021-04-18,179,"Lexington Bluegrass Airport",0,NA,-84.6058,38.0408,2021,4,72.09,10.66,0.12
"166","38.0408,-84.6058",2021-04-22,180,"Lexington Bluegrass Airport",0,NA,-84.6058,38.0408,2021,4,68.86,5.29,0.15
"167","38.0408,-84.6058",2021-05-03,181,"Lexington Bluegrass Airport",1,NA,-84.6058,38.0408,2021,5,89.3,19.54,9.6
"168","38.0408,-84.6058",2021-05-05,182,"Lexington Bluegrass Airport",0,NA,-84.6058,38.0408,2021,5,79.57,12.44,10.4
"169","38.0408,-84.6058",2021-05-17,183,"Lexington Bluegrass Airport",0,NA,-84.6058,38.0408,2021,5,82.13,18.03,1.07
"170","38.0408,-84.6058",2021-05-19,184,"Lexington Bluegrass Airport",0,NA,-84.6058,38.0408,2021,5,80.02,20.68,0.06
"171","38.0408,-84.6058",2021-05-30,185,"Lexington Bluegrass Airport",0,NA,-84.6058,38.0408,2021,5,79.34,11.82,0.02
"172","38.0408,-84.6058",2021-06-02,186,"Lexington Bluegrass Airport",0,NA,-84.6058,38.0408,2021,6,91.83,18.18,7.89
"173","38.0408,-84.6058",2021-06-11,187,"Lexington Bluegrass Airport",0,NA,-84.6058,38.0408,2021,6,89.47,23.37,18.27
"174","38.0408,-84.6058",2021-06-16,188,"Lexington Bluegrass Airport",0,NA,-84.6058,38.0408,2021,6,71.5,19.99,0
"175","38.0408,-84.6058",2021-06-26,189,"Lexington Bluegrass Airport",0,NA,-84.6058,38.0408,2021,6,78.53,23.65,0.02
"176","38.0408,-84.6058",2021-06-29,190,"Lexington Bluegrass Airport",0,NA,-84.6058,38.0408,2021,6,71.2,27.34,0.06
"177","38.0408,-84.6058",2021-07-11,191,"Lexington Bluegrass Airport",1,NA,-84.6058,38.0408,2021,7,92.44,23.76,5.28
"178","38.0408,-84.6058",2021-07-14,192,"Lexington Bluegrass Airport",1,NA,-84.6058,38.0408,2021,7,82.96,24.14,0.86
"179","38.0408,-84.6058",2021-07-26,193,"Lexington Bluegrass Airport",7,NA,-84.6058,38.0408,2021,7,70.93,26.95,0.97
"180","38.0408,-84.6058",2021-07-28,194,"Lexington Bluegrass Airport",7,NA,-84.6058,38.0408,2021,7,65.78,25.76,0
"181","38.0408,-84.6058",2021-08-10,195,"Lexington Bluegrass Airport",64,NA,-84.6058,38.0408,2021,8,82.16,25.95,5.5
"182","38.0408,-84.6058",2021-08-12,196,"Lexington Bluegrass Airport",159,NA,-84.6058,38.0408,2021,8,74.09,27.5,0.99
"183","38.0408,-84.6058",2021-08-22,197,"Lexington Bluegrass Airport",20,NA,-84.6058,38.0408,2021,8,66.77,26.69,0.02
"184","38.0408,-84.6058",2021-08-26,198,"Lexington Bluegrass Airport",104,NA,-84.6058,38.0408,2021,8,74.19,26.56,0.28
"185","38.0408,-84.6058",2021-09-05,199,"Lexington Bluegrass Airport",84,NA,-84.6058,38.0408,2021,9,89.64,20.46,9.06
"186","38.0408,-84.6058",2021-09-10,200,"Lexington Bluegrass Airport",91,NA,-84.6058,38.0408,2021,9,60.9,19.31,0
"187","38.0408,-84.6058",2021-09-19,201,"Lexington Bluegrass Airport",311,NA,-84.6058,38.0408,2021,9,77.95,23.68,0.79
"188","38.0408,-84.6058",2021-09-23,202,"Lexington Bluegrass Airport",140,NA,-84.6058,38.0408,2021,9,75.36,13.24,0.18
"189","38.0408,-84.6058",2021-10-02,203,"Lexington Bluegrass Airport",NA,NA,-84.6058,38.0408,2021,10,73.72,19.94,5.84
"190","38.0408,-84.6058",2021-10-06,204,"Lexington Bluegrass Airport",NA,NA,-84.6058,38.0408,2021,10,87.74,21.43,22.75
"191","38.0408,-84.6058",2021-10-16,205,"Lexington Bluegrass Airport",120,NA,-84.6058,38.0408,2021,10,73.81,12.98,5.34
"192","38.0408,-84.6058",2021-10-20,206,"Lexington Bluegrass Airport",85,NA,-84.6058,38.0408,2021,10,79.98,14.16,0
"193","38.0408,-84.6058",2021-10-31,207,"Lexington Bluegrass Airport",325,NA,-84.6058,38.0408,2021,10,86.46,11.13,0.18
"194","38.0408,-84.6058",2021-11-04,208,"Lexington Bluegrass Airport",241,NA,-84.6058,38.0408,2021,11,68.47,3,0
"195","38.0408,-84.6058",2021-11-05,209,"Lexington Bluegrass Airport",226,NA,-84.6058,38.0408,2021,11,72.36,2.95,0
"196","38.0408,-84.6058",2021-11-17,210,"Lexington Bluegrass Airport",1346,NA,-84.6058,38.0408,2021,11,85.23,14.99,0.18
"197","38.0408,-84.6058",2021-11-22,211,"Lexington Bluegrass Airport",1634,NA,-84.6058,38.0408,2021,11,76.44,0.57,0.01
"198","38.0408,-84.6058",2021-12-01,212,"Lexington Bluegrass Airport",1717,NA,-84.6058,38.0408,2021,12,95.01,7.15,0.18
"199","38.0408,-84.6058",2021-12-03,213,"Lexington Bluegrass Airport",1642,NA,-84.6058,38.0408,2021,12,91.62,9.79,0.14
"200","38.0408,-84.6058",2021-12-14,214,"Lexington Bluegrass Airport",1882,NA,-84.6058,38.0408,2021,12,85.09,5.81,0.13
"201","38.0408,-84.6058",2021-12-17,215,"Lexington Bluegrass Airport",1655,NA,-84.6058,38.0408,2021,12,89.21,7.09,7.32
"202","38.0408,-84.6058",2021-12-31,216,"Lexington Bluegrass Airport",452,NA,-84.6058,38.0408,2021,12,92.14,13.03,4.08
"203","38.0408,-84.6058",2022-01-05,217,"Lexington Bluegrass Airport",2117,NA,-84.6058,38.0408,2022,1,82.53,2.25,0.02
"204","38.0408,-84.6058",2022-01-14,218,"Lexington Bluegrass Airport",166,NA,-84.6058,38.0408,2022,1,93.31,0.05,0
"205","38.0408,-84.6058",2022-01-19,219,"Lexington Bluegrass Airport",218,NA,-84.6058,38.0408,2022,1,93.8,1.93,9.04
"206","38.0408,-84.6058",2022-01-29,220,"Lexington Bluegrass Airport",6,NA,-84.6058,38.0408,2022,1,79.84,-7.74,0.38
"207","38.0408,-84.6058",2022-02-02,221,"Lexington Bluegrass Airport",3,NA,-84.6058,38.0408,2022,2,95.21,4.17,15.5
"208","38.0408,-84.6058",2022-02-11,222,"Lexington Bluegrass Airport",3,NA,-84.6058,38.0408,2022,2,86.25,6.8,0.1
"209","38.0408,-84.6058",2022-02-16,223,"Lexington Bluegrass Airport",4,NA,-84.6058,38.0408,2022,2,85.39,8.72,0.02
"210","38.0408,-84.6058",2022-02-25,224,"Lexington Bluegrass Airport",1,NA,-84.6058,38.0408,2022,2,86.38,0.74,7.51
"211","38.0408,-84.6058",2022-03-02,225,"Lexington Bluegrass Airport",1,NA,-84.6058,38.0408,2022,3,83.63,10.89,0.01
"212","38.0408,-84.6058",2022-03-12,226,"Lexington Bluegrass Airport",0,NA,-84.6058,38.0408,2022,3,74.52,-4.97,1.2
"213","38.0408,-84.6058",2022-03-15,227,"Lexington Bluegrass Airport",0,NA,-84.6058,38.0408,2022,3,74.25,11.14,0.02
"214","38.0408,-84.6058",2022-03-26,228,"Lexington Bluegrass Airport",0,NA,-84.6058,38.0408,2022,3,75.48,2.78,0.11
"215","38.0408,-84.6058",2022-03-29,229,"Lexington Bluegrass Airport",0,NA,-84.6058,38.0408,2022,3,75.4,2.82,0.02
"216","38.0408,-84.6058",2022-04-11,230,"Lexington Bluegrass Airport",0,NA,-84.6058,38.0408,2022,4,87.59,13.71,9.4
"217","38.0408,-84.6058",2022-04-13,231,"Lexington Bluegrass Airport",0,NA,-84.6058,38.0408,2022,4,88.19,18.34,10.42
"218","38.0408,-84.6058",2022-04-22,232,"Lexington Bluegrass Airport",0,NA,-84.6058,38.0408,2022,4,81.45,18.41,0.02
"219","38.0408,-84.6058",2022-04-27,233,"Lexington Bluegrass Airport",0,NA,-84.6058,38.0408,2022,4,73.92,10.26,0.01
"220","38.0408,-84.6058",2022-05-08,234,"Lexington Bluegrass Airport",1,NA,-84.6058,38.0408,2022,5,80.65,12.98,0.03
"221","38.0408,-84.6058",2022-05-11,235,"Lexington Bluegrass Airport",0,NA,-84.6058,38.0408,2022,5,76.5,21.96,0.01
"222","38.0408,-84.6058",2022-05-25,236,"Lexington Bluegrass Airport",0,NA,-84.6058,38.0408,2022,5,85.42,21.83,3.18
"223","38.0408,-84.6058",2022-06-03,237,"Lexington Bluegrass Airport",0,NA,-84.6058,38.0408,2022,6,71.71,19.66,0.03
"224","38.0408,-84.6058",2022-06-08,238,"Lexington Bluegrass Airport",0,NA,-84.6058,38.0408,2022,6,84.88,23.26,2.85
"225","38.0408,-84.6058",2022-06-17,239,"Lexington Bluegrass Airport",1,NA,-84.6058,38.0408,2022,6,91.6,24.96,4.75
"226","38.0408,-84.6058",2022-06-22,240,"Lexington Bluegrass Airport",4,NA,-84.6058,38.0408,2022,6,75.71,26.29,2.06
"227","38.0408,-84.6058",2022-07-01,241,"Lexington Bluegrass Airport",1,NA,-84.6058,38.0408,2022,7,67.81,27.69,1.54
"228","38.0408,-84.6058",2022-07-06,242,"Lexington Bluegrass Airport",3,NA,-84.6058,38.0408,2022,7,80.09,27.47,7.37
"229","38.0408,-84.6058",2022-07-15,243,"Lexington Bluegrass Airport",0,NA,-84.6058,38.0408,2022,7,58.12,25.75,0
"230","38.0408,-84.6058",2022-07-20,244,"Lexington Bluegrass Airport",0,NA,-84.6058,38.0408,2022,7,77.54,27.71,0.92
"231","38.0408,-84.6058",2022-07-29,245,"Lexington Bluegrass Airport",6,NA,-84.6058,38.0408,2022,7,80.58,24,2.89
"232","38.0408,-84.6058",2022-08-02,246,"Lexington Bluegrass Airport",1,NA,-84.6058,38.0408,2022,8,85.05,25.85,0.38
"233","38.0408,-84.6058",2022-08-11,247,"Lexington Bluegrass Airport",18,NA,-84.6058,38.0408,2022,8,77.91,23.79,1.5
"234","38.0408,-84.6058",2022-08-18,248,"Lexington Bluegrass Airport",43,NA,-84.6058,38.0408,2022,8,69.75,22.43,0.03
"235","38.0408,-84.6058",2022-08-26,249,"Lexington Bluegrass Airport",225,NA,-84.6058,38.0408,2022,8,69.19,25.05,1.13
"236","38.0408,-84.6058",2022-08-31,250,"Lexington Bluegrass Airport",27,NA,-84.6058,38.0408,2022,8,66.87,21.66,0.02
"237","38.0408,-84.6058",2022-09-09,251,"Lexington Bluegrass Airport",61,NA,-84.6058,38.0408,2022,9,73.06,23.2,0.01
"238","38.0408,-84.6058",2022-09-14,252,"Lexington Bluegrass Airport",12,NA,-84.6058,38.0408,2022,9,69.99,20.45,0
"239","38.0408,-84.6058",2022-09-26,253,"Lexington Bluegrass Airport",102,NA,-84.6058,38.0408,2022,9,55.51,16.14,0.01
"240","38.0408,-84.6058",2022-09-28,254,"Lexington Bluegrass Airport",90,NA,-84.6058,38.0408,2022,9,69.82,11.27,0
"241","38.0408,-84.6058",2022-10-07,255,"Lexington Bluegrass Airport",240,NA,-84.6058,38.0408,2022,10,63.03,13.09,0
"242","38.0408,-84.6058",2022-10-12,256,"Lexington Bluegrass Airport",344,NA,-84.6058,38.0408,2022,10,73.05,18.12,2.22
"243","38.0408,-84.6058",2022-10-21,257,"Lexington Bluegrass Airport",1252,NA,-84.6058,38.0408,2022,10,47.86,10.46,0
"244","38.0408,-84.6058",2022-10-26,258,"Lexington Bluegrass Airport",351,NA,-84.6058,38.0408,2022,10,81.19,9.31,0.23
"245","38.0408,-84.6058",2022-11-07,259,"Lexington Bluegrass Airport",1035,NA,-84.6058,38.0408,2022,11,59.28,15.28,0.06
"246","38.0408,-84.6058",2022-11-09,260,"Lexington Bluegrass Airport",913,NA,-84.6058,38.0408,2022,11,49.77,12.61,0
"247","38.0408,-84.6058",2022-11-21,261,"Lexington Bluegrass Airport",520,NA,-84.6058,38.0408,2022,11,51.11,0.2,0.07
"248","38.0408,-84.6058",2022-11-23,262,"Lexington Bluegrass Airport",906,NA,-84.6058,38.0408,2022,11,49.85,5.9,0.11
"249","38.0408,-84.6058",2022-12-05,263,"Lexington Bluegrass Airport",216,NA,-84.6058,38.0408,2022,12,81.03,2.9,1.07
"250","38.0408,-84.6058",2022-12-07,264,"Lexington Bluegrass Airport",1079,NA,-84.6058,38.0408,2022,12,95.14,12.41,8.06
"251","38.0408,-84.6058",2022-12-19,265,"Lexington Bluegrass Airport",63,NA,-84.6058,38.0408,2022,12,76.72,-2.42,0
"252","38.0408,-84.6058",2022-12-21,266,"Lexington Bluegrass Airport",296,NA,-84.6058,38.0408,2022,12,80.43,0.33,0.01
"253","38.0624585,-78.4638626",2022-06-14,308,"Charlottesville Albemarle Technical Education Center",7,NA,-78.4638626,38.0624585,2022,6,67.36,27.51,1.92
"254","38.0653651,-78.5021388",2022-06-06,395,"NaMo",5,NA,-78.5021388,38.0653651,2022,6,59.1,20.7,0.04
"255","38.0653651,-78.5021388",2022-06-10,391,"NaMo",2,NA,-78.5021388,38.0653651,2022,6,57.04,20.73,0.09
"256","38.0653651,-78.5021388",2022-06-18,396,"NaMo",71,NA,-78.5021388,38.0653651,2022,6,50.19,21.63,0.02
"257","38.0653651,-78.5021388",2022-06-25,393,"NaMo",34,NA,-78.5021388,38.0653651,2022,6,63.47,25.16,0.38
"258","38.0653651,-78.5021388",2022-07-07,394,"NaMo",5,NA,-78.5021388,38.0653651,2022,7,69.59,27.68,1.84
"259","38.0653651,-78.5021388",2022-08-18,392,"NaMo",1,NA,-78.5021388,38.0653651,2022,8,58.91,22.81,0.78
"260","38.0672129,-78.7471497",2022-05-31,307,"Chiles Peach Orchard",2,NA,-78.7471497,38.0672129,2022,5,63.38,26.16,0.02
"261","38.0672129,-78.7471497",2022-06-14,309,"Chiles Peach Orchard",2,NA,-78.7471497,38.0672129,2022,6,67.36,27.51,1.92
"262","38.0672129,-78.7471497",2022-08-04,311,"Chiles Peach Orchard",3,NA,-78.7471497,38.0672129,2022,8,64.72,27.97,1.07
"263","38.0672129,-78.7471497",2023-08-01,325,"Chiles Peach Orchard",2,NA,-78.7471497,38.0672129,2023,8,55.13,21.97,0.01
"264","38.0672129,-78.7471497",2023-08-01,324,"Chiles Peach Orchard",3,NA,-78.7471497,38.0672129,2023,8,55.13,21.97,0.01
"265","38.06808,-78.473266",2023-07-09,456,"DoSc",3,NA,-78.473266,38.06808,2023,7,77.4,24.17,12.61
"266","38.06808,-78.473266",2023-07-23,457,"DoSc",78,NA,-78.473266,38.06808,2023,7,68,23.19,3.16
"267","38.06808,-78.473266",2023-08-07,455,"DoSc",23,NA,-78.473266,38.06808,2023,8,81.74,25.6,6.69
"268","38.06808,-78.473266",2023-08-26,453,"DoSc",6,NA,-78.473266,38.06808,2023,8,63.32,27.83,1.38
"269","38.06808,-78.473266",2023-09-09,454,"DoSc",19,NA,-78.473266,38.06808,2023,9,78.41,23.47,5.21
"270","38.06808,-78.473266",2023-11-15,434,"DoSc",2,NA,-78.473266,38.06808,2023,11,58.4,8.01,0
"271","38.0783378,-78.488982",2021-09-01,463,"JoNu",1,NA,-78.488982,38.0783378,2021,9,90.4,22.24,29.82
"272","38.0783378,-78.488982",2021-09-04,461,"JoNu",2,NA,-78.488982,38.0783378,2021,9,60.94,20.7,0.13
"273","38.0783378,-78.488982",2021-09-10,460,"JoNu",3,NA,-78.488982,38.0783378,2021,9,63.23,18.77,0.02
"274","38.0783378,-78.488982",2021-09-12,459,"JoNu",14,NA,-78.488982,38.0783378,2021,9,64.71,22.63,0
"275","38.0783378,-78.488982",2021-09-12,458,"JoNu",7,NA,-78.488982,38.0783378,2021,9,64.71,22.63,0
"276","38.0783378,-78.488982",2021-09-13,450,"JoNu",7,NA,-78.488982,38.0783378,2021,9,61.58,25.27,0.03
"277","38.0783378,-78.488982",2021-09-13,462,"JoNu",7,NA,-78.488982,38.0783378,2021,9,61.58,25.27,0.03
"278","38.0783378,-78.488982",2021-09-15,466,"JoNu",10,NA,-78.488982,38.0783378,2021,9,65.81,24.21,0.09
"279","38.0783378,-78.488982",2021-10-23,465,"JoNu",2,NA,-78.488982,38.0783378,2021,10,69.3,13.32,0.02
"280","38.0783378,-78.488982",2021-10-23,452,"JoNu",2,NA,-78.488982,38.0783378,2021,10,69.3,13.32,0.02
"281","38.0783378,-78.488982",2021-11-07,451,"JoNu",4,NA,-78.488982,38.0783378,2021,11,66.04,6.68,0
"282","38.0783378,-78.488982",2021-11-07,464,"JoNu",4,NA,-78.488982,38.0783378,2021,11,66.04,6.68,0
"283","38.0783378,-78.488982",2022-10-14,353,"JoNu",4,NA,-78.488982,38.0783378,2022,10,62.53,12.1,0
"284","38.0980496,-78.4915567",2022-06-12,421,"LiBl",1,NA,-78.4915567,38.0980496,2022,6,71.14,23.81,8.31
"285","38.0980496,-78.4915567",2022-07-16,377,"LiBl",1,NA,-78.4915567,38.0980496,2022,7,67.83,25.46,3.59
"286","38.146223,-79.081904",2021-08-14,388,"AlBe",16,NA,-79.081904,38.146223,2021,8,69.35,25.93,1.6
"287","38.146223,-79.081904",2021-10-02,390,"AlBe",10,NA,-79.081904,38.146223,2021,10,71.68,17.06,0.07
"288","38.146223,-79.081904",2021-10-16,389,"AlBe",2,NA,-79.081904,38.146223,2021,10,78.15,15.17,2.78
"289","38.146223,-79.081904",2021-11-07,387,"AlBe",3,NA,-79.081904,38.146223,2021,11,65.31,5.23,0
"290","38.146223,-79.081904",2022-05-14,409,"AlBe",90,NA,-79.081904,38.146223,2022,5,87.28,17.12,4.09
"291","38.146223,-79.081904",2022-05-14,414,"AlBe",53,NA,-79.081904,38.146223,2022,5,87.28,17.12,4.09
"292","38.146223,-79.081904",2022-05-22,413,"AlBe",9,NA,-79.081904,38.146223,2022,5,75,22.57,2.66
"293","38.146223,-79.081904",2022-06-09,411,"AlBe",16,NA,-79.081904,38.146223,2022,6,72.34,20.06,4.39
"294","38.146223,-79.081904",2022-06-23,407,"AlBe",17,NA,-79.081904,38.146223,2022,6,72.58,23.58,1.65
"295","38.146223,-79.081904",2022-08-04,408,"AlBe",24,NA,-79.081904,38.146223,2022,8,68.38,25.88,1.65
"296","38.146223,-79.081904",2022-08-05,415,"AlBe",181,NA,-79.081904,38.146223,2022,8,76.83,24.68,10.87
"297","38.146223,-79.081904",2022-09-05,412,"AlBe",33,NA,-79.081904,38.146223,2022,9,88.87,21.25,10.29
"298","38.146223,-79.081904",2022-09-08,410,"AlBe",4,NA,-79.081904,38.146223,2022,9,80.77,20.49,2
"299","38.146223,-79.081904",2022-10-10,351,"AlBe",22,NA,-79.081904,38.146223,2022,10,56.21,10.04,0
"300","38.146223,-79.081904",2022-11-09,350,"AlBe",8,NA,-79.081904,38.146223,2022,11,63,6,0.02
"301","38.146223,-79.081904",2023-07-29,427,"AlBe",113,NA,-79.081904,38.146223,2023,7,76.08,25.64,2.66
"302","38.146223,-79.081904",2023-08-12,426,"AlBe",26,NA,-79.081904,38.146223,2023,8,67.47,24.31,0.35
"303","38.146223,-79.081904",2023-08-26,429,"AlBe",45,NA,-79.081904,38.146223,2023,8,69.44,25.13,0.97
"304","38.146223,-79.081904",2023-09-09,430,"AlBe",45,NA,-79.081904,38.146223,2023,9,80.28,21.78,3.98
"305","38.146223,-79.081904",2023-09-29,428,"AlBe",39,NA,-79.081904,38.146223,2023,9,76.19,18,0.01
"306","38.291869,-78.42491",2022-06-12,416,"SiKi",1,NA,-78.42491,38.291869,2022,6,72.72,23.49,6.72
"307","38.291869,-78.42491",2022-06-26,420,"SiKi",3,NA,-78.42491,38.291869,2022,6,65.46,25.63,1.8
"308","38.291869,-78.42491",2022-07-24,417,"SiKi",4,NA,-78.42491,38.291869,2022,7,54.6,29.65,0.21
"309","38.291869,-78.42491",2022-08-21,418,"SiKi",4,NA,-78.42491,38.291869,2022,8,90.85,22.46,6.72
"310","38.291869,-78.42491",2022-10-15,419,"SiKi",11,NA,-78.42491,38.291869,2022,10,65.33,14.11,0.01
"311","38.3597327,-78.842056",2023-10-13,331,"Cross Keys Farm",12,NA,-78.842056,38.3597327,2023,10,70.83,13.88,0.02
"312","38.3597327,-78.842056",2023-10-13,332,"Cross Keys Farm",2,NA,-78.842056,38.3597327,2023,10,70.83,13.88,0.02
"313","38.3597327,-78.842056",2023-10-13,333,"Cross Keys Farm",3,NA,-78.842056,38.3597327,2023,10,70.83,13.88,0.02
"314","38.3597327,-78.842056",2023-10-13,334,"Cross Keys Farm",4,NA,-78.842056,38.3597327,2023,10,70.83,13.88,0.02
"315","38.3597327,-78.842056",2023-10-26,335,"Cross Keys Farm",2,NA,-78.842056,38.3597327,2023,10,49.26,16.58,0
"316","38.3967029,-78.8319075",2021-08-15,404,"FrSa",1,NA,-78.8319075,38.3967029,2021,8,81.72,22.22,9.13
"317","38.3967029,-78.8319075",2021-08-30,406,"FrSa",8,NA,-78.8319075,38.3967029,2021,8,71.98,25.14,3.54
"318","38.3967029,-78.8319075",2021-08-30,405,"FrSa",1,NA,-78.8319075,38.3967029,2021,8,71.98,25.14,3.54
"319","38.3967029,-78.8319075",2021-09-16,403,"FrSa",13,NA,-78.8319075,38.3967029,2021,9,86.73,21.7,4.49
"320","38.3967029,-78.8319075",2021-09-26,402,"FrSa",10,NA,-78.8319075,38.3967029,2021,9,70.02,14.43,0.18
"321","38.3967029,-78.8319075",2021-10-10,401,"FrSa",16,NA,-78.8319075,38.3967029,2021,10,86.67,17.59,0.46
"322","38.3967029,-78.8319075",2021-10-25,400,"FrSa",37,NA,-78.8319075,38.3967029,2021,10,78.15,15.18,10.76
"323","38.3967029,-78.8319075",2021-11-09,383,"FrSa",8,NA,-78.8319075,38.3967029,2021,11,61.67,11.75,0
"324","38.3967029,-78.8319075",2022-06-25,384,"FrSa",6,NA,-78.8319075,38.3967029,2022,6,61.95,24.63,0.37
"325","38.3967029,-78.8319075",2022-08-06,382,"FrSa",19,NA,-78.8319075,38.3967029,2022,8,81.94,24.31,4.71
"326","38.3967029,-78.8319075",2022-08-18,381,"FrSa",4,NA,-78.8319075,38.3967029,2022,8,54.3,22.39,0.58
"327","38.3967029,-78.8319075",2022-10-04,380,"FrSa",2,NA,-78.8319075,38.3967029,2022,10,68.23,9.7,0.1
"328","38.3967029,-78.8319075",2022-10-14,379,"FrSa",11,NA,-78.8319075,38.3967029,2022,10,61.79,10.98,0.02
"329","38.3967029,-78.8319075",2023-07-24,432,"FrSa",10,NA,-78.8319075,38.3967029,2023,7,64.04,24.62,4.32
"330","38.3967029,-78.8319075",2023-08-26,433,"FrSa",37,NA,-78.8319075,38.3967029,2023,8,62.33,26.9,0.3
"331","38.3967029,-78.8319075",2023-11-05,431,"FrSa",1,NA,-78.8319075,38.3967029,2023,11,58.47,10.5,0
"332","39.0444765,-77.49892",2022-11-09,378,"GwMe",2,NA,-77.49892,39.0444765,2022,11,68.54,7.59,0
"333","39.1003535,-77.8162521",2022-07-07,327,"GreatCountryFarms",7,NA,-77.8162521,39.1003535,2022,7,73.63,26.77,1.23
"334","44.265172,-73.1334011",2022-06-22,6,"Full Belly Farm",0,4,-73.1334011,44.265172,2022,6,83.28,17.62,3.27
"335","44.265172,-73.1334011",2022-07-06,4,"Full Belly Farm",4,15,-73.1334011,44.265172,2022,7,75.99,18.7,2.71
"336","44.265172,-73.1334011",2022-07-11,25,"Full Belly Farm",0,47,-73.1334011,44.265172,2022,7,71.45,21.35,0.24
"337","44.265172,-73.1334011",2022-07-18,1,"Full Belly Farm",0,20,-73.1334011,44.265172,2022,7,92.01,21.36,22.68
"338","44.265172,-73.1334011",2022-08-01,23,"Full Belly Farm",0,118,-73.1334011,44.265172,2022,8,70.96,23.23,0.08
"339","44.265172,-73.1334011",2023-06-28,80,"Full Belly Farm",0,6,-73.1334011,44.265172,2023,6,94.08,19.41,9.69
"340","44.265172,-73.1334011",2023-07-05,11,"Full Belly Farm",0,33,-73.1334011,44.265172,2023,7,67.37,26.01,1.28
"341","44.265172,-73.1334011",2023-07-14,22,"Full Belly Farm",5,315,-73.1334011,44.265172,2023,7,77.66,21.96,4.06
"342","44.265172,-73.1334011",2023-07-20,21,"Full Belly Farm",8,164,-73.1334011,44.265172,2023,7,69.46,21.6,0.8
"343","44.265172,-73.1334011",2023-07-20,12,"Full Belly Farm",1,115,-73.1334011,44.265172,2023,7,69.46,21.6,0.8
"344","44.265172,-73.1334011",2023-07-26,14,"Full Belly Farm",32,183,-73.1334011,44.265172,2023,7,79.71,22.44,0.28
"345","44.265172,-73.1334011",2024-06-27,64,"Full Belly Farm",2,1927,-73.1334011,44.265172,2024,6,75.98,16.81,1.48
"346","44.265172,-73.1334011",2024-07-09,79,"Full Belly Farm",54,6238,-73.1334011,44.265172,2024,7,78.19,24.31,4.22
"347","44.265172,-73.1334011",2024-07-18,70,"Full Belly Farm",46,1028,-73.1334011,44.265172,2024,7,76.78,20.04,0.27
"348","44.265172,-73.1334011",2024-07-25,58,"Full Belly Farm",39,971,-73.1334011,44.265172,2024,7,80.8,20.45,2.9
"349","44.265172,-73.1334011",2024-07-30,37,"Full Belly Farm",56,466,-73.1334011,44.265172,2024,7,84.55,23.72,4.48
"350","44.265172,-73.1334011",2024-08-06,38,"Full Belly Farm",230,700,-73.1334011,44.265172,2024,8,68.9,18.81,0.4
"351","44.265172,-73.1334011",2024-08-14,77,"Full Belly Farm",383,848,-73.1334011,44.265172,2024,8,78.14,21.11,0.65
"352","44.265172,-73.1334011",2024-08-22,31,"Full Belly Farm",167,465,-73.1334011,44.265172,2024,8,86.78,15.65,1.79
"353","44.265172,-73.1334011",2024-09-05,32,"Full Belly Farm",230,541,-73.1334011,44.265172,2024,9,75.51,18.21,0
"354","44.265172,-73.1334011",2025-06-16,83,"Full Belly Farm",0,330,-73.1334011,44.265172,2025,6,73.12,19.36,0.08
"355","44.265172,-73.1334011",2025-06-27,97,"Full Belly Farm",0,375,-73.1334011,44.265172,2025,6,65.61,18.18,2.33
"356","44.265172,-73.1334011",2025-07-02,104,"Full Belly Farm",0,90,-73.1334011,44.265172,2025,7,74.27,23.19,0.66
"357","44.265172,-73.1334011",2025-07-11,106,"Full Belly Farm",22,3808,-73.1334011,44.265172,2025,7,70.35,24.53,1.9
"358","44.265172,-73.1334011",2025-07-18,118,"Full Belly Farm",10,1885,-73.1334011,44.265172,2025,7,61.79,18.52,0.53
"359","44.265172,-73.1334011",2025-07-25,119,"Full Belly Farm",57,1508,-73.1334011,44.265172,2025,7,79.77,23.17,6.21
"360","44.2661258,-73.1014259",2022-06-06,7,"Last Resort Farm",0,76,-73.1014259,44.2661258,2022,6,59.74,18.66,0.2
"361","44.2661258,-73.1014259",2022-07-11,8,"Last Resort Farm",0,95,-73.1014259,44.2661258,2022,7,71.45,21.35,0.24
"362","44.2661258,-73.1014259",2022-07-25,28,"Last Resort Farm",0,3,-73.1014259,44.2661258,2022,7,75.44,22.48,8.8
"363","44.2661258,-73.1014259",2022-08-01,5,"Last Resort Farm",0,4,-73.1014259,44.2661258,2022,8,70.96,23.23,0.08
"364","44.2661258,-73.1014259",2023-06-28,81,"Last Resort Farm",0,96,-73.1014259,44.2661258,2023,6,94.08,19.41,9.69
"365","44.2661258,-73.1014259",2023-07-05,9,"Last Resort Farm",1,163,-73.1014259,44.2661258,2023,7,67.37,26.01,1.28
"366","44.2661258,-73.1014259",2023-07-14,24,"Last Resort Farm",0,122,-73.1014259,44.2661258,2023,7,77.66,21.96,4.06
"367","44.2661258,-73.1014259",2023-07-20,16,"Last Resort Farm",12,108,-73.1014259,44.2661258,2023,7,69.46,21.6,0.8
"368","44.2661258,-73.1014259",2023-07-26,20,"Last Resort Farm",12,107,-73.1014259,44.2661258,2023,7,79.71,22.44,0.28
"369","44.2661258,-73.1014259",2024-04-05,36,"Last Resort Farm",133,685,-73.1014259,44.2661258,2024,4,95.02,0.63,3.41
"370","44.2661258,-73.1014259",2024-06-27,45,"Last Resort Farm",1,2457,-73.1014259,44.2661258,2024,6,75.98,16.81,1.48
"371","44.2661258,-73.1014259",2024-07-09,60,"Last Resort Farm",36,4962,-73.1014259,44.2661258,2024,7,78.19,24.31,4.22
"372","44.2661258,-73.1014259",2024-07-18,63,"Last Resort Farm",33,2474,-73.1014259,44.2661258,2024,7,76.78,20.04,0.27
"373","44.2661258,-73.1014259",2024-07-25,62,"Last Resort Farm",27,1912,-73.1014259,44.2661258,2024,7,80.8,20.45,2.9
"374","44.2661258,-73.1014259",2024-07-30,48,"Last Resort Farm",168,1568,-73.1014259,44.2661258,2024,7,84.55,23.72,4.48
"375","44.2661258,-73.1014259",2024-08-06,51,"Last Resort Farm",228,1894,-73.1014259,44.2661258,2024,8,68.9,18.81,0.4
"376","44.2661258,-73.1014259",2024-08-14,75,"Last Resort Farm",392,1287,-73.1014259,44.2661258,2024,8,78.14,21.11,0.65
"377","44.2661258,-73.1014259",2024-08-16,50,"Last Resort Farm",76,540,-73.1014259,44.2661258,2024,8,80.88,22.13,0.05
"378","44.2661258,-73.1014259",2024-08-22,30,"Last Resort Farm",60,318,-73.1014259,44.2661258,2024,8,86.78,15.65,1.79
"379","44.2661258,-73.1014259",2025-05-27,84,"Last Resort Farm",0,205,-73.1014259,44.2661258,2025,5,62.28,17.87,0
"380","44.2661258,-73.1014259",2025-06-02,86,"Last Resort Farm",0,502,-73.1014259,44.2661258,2025,6,71.38,13,0.83
"381","44.2661258,-73.1014259",2025-06-16,93,"Last Resort Farm",1,364,-73.1014259,44.2661258,2025,6,73.12,19.36,0.08
"382","44.2661258,-73.1014259",2025-06-27,99,"Last Resort Farm",2,1417,-73.1014259,44.2661258,2025,6,65.61,18.18,2.33
"383","44.2661258,-73.1014259",2025-07-02,103,"Last Resort Farm",2,415,-73.1014259,44.2661258,2025,7,74.27,23.19,0.66
"384","44.2661258,-73.1014259",2025-07-11,108,"Last Resort Farm",13,3433,-73.1014259,44.2661258,2025,7,70.35,24.53,1.9
"385","44.2661258,-73.1014259",2025-07-18,113,"Last Resort Farm",37,1956,-73.1014259,44.2661258,2025,7,61.79,18.52,0.53
"386","44.2661258,-73.1014259",2025-07-25,115,"Last Resort Farm",11,568,-73.1014259,44.2661258,2025,7,79.77,23.17,6.21
"387","44.2893745,-73.2420434",2023-07-05,13,"Sweet Roots Farm",1,82,-73.2420434,44.2893745,2023,7,67.37,26.01,1.28
"388","44.2893745,-73.2420434",2023-07-12,18,"Sweet Roots Farm",1,131,-73.2420434,44.2893745,2023,7,70.97,21.52,0.49
"389","44.2893745,-73.2420434",2023-07-20,15,"Sweet Roots Farm",4,151,-73.2420434,44.2893745,2023,7,69.46,21.6,0.8
"390","44.2893745,-73.2420434",2023-07-26,17,"Sweet Roots Farm",5,259,-73.2420434,44.2893745,2023,7,79.71,22.44,0.28
"391","44.2893745,-73.2420434",2024-06-27,52,"Sweet Roots Farm",4,1063,-73.2420434,44.2893745,2024,6,75.98,16.81,1.48
"392","44.2893745,-73.2420434",2024-07-18,55,"Sweet Roots Farm",19,549,-73.2420434,44.2893745,2024,7,76.78,20.04,0.27
"393","44.2893745,-73.2420434",2024-07-25,61,"Sweet Roots Farm",55,480,-73.2420434,44.2893745,2024,7,80.8,20.45,2.9
"394","44.2893745,-73.2420434",2024-07-30,49,"Sweet Roots Farm",53,329,-73.2420434,44.2893745,2024,7,84.55,23.72,4.48
"395","44.2893745,-73.2420434",2024-08-14,39,"Sweet Roots Farm",2911,2122,-73.2420434,44.2893745,2024,8,78.14,21.11,0.65
"396","44.2893745,-73.2420434",2024-08-22,72,"Sweet Roots Farm",1420,1576,-73.2420434,44.2893745,2024,8,86.78,15.65,1.79
"397","44.2893745,-73.2420434",2024-09-04,68,"Sweet Roots Farm",358,785,-73.2420434,44.2893745,2024,9,74.13,17.51,0
"398","44.2893745,-73.2420434",2025-05-27,92,"Sweet Roots Farm",0,143,-73.2420434,44.2893745,2025,5,62.28,17.87,0
"399","44.2893745,-73.2420434",2025-06-02,94,"Sweet Roots Farm",0,322,-73.2420434,44.2893745,2025,6,71.38,13,0.83
"400","44.2893745,-73.2420434",2025-06-10,85,"Sweet Roots Farm",0,1607,-73.2420434,44.2893745,2025,6,81.63,17.22,5.17
"401","44.2893745,-73.2420434",2025-06-16,89,"Sweet Roots Farm",3,696,-73.2420434,44.2893745,2025,6,73.12,19.36,0.08
"402","44.2893745,-73.2420434",2025-06-27,95,"Sweet Roots Farm",11,1578,-73.2420434,44.2893745,2025,6,65.61,18.18,2.33
"403","44.2893745,-73.2420434",2025-07-02,105,"Sweet Roots Farm",0,494,-73.2420434,44.2893745,2025,7,74.27,23.19,0.66
"404","44.2893745,-73.2420434",2025-07-11,109,"Sweet Roots Farm",25,5780,-73.2420434,44.2893745,2025,7,70.35,24.53,1.9
"405","44.2893745,-73.2420434",2025-07-18,121,"Sweet Roots Farm",6,1124,-73.2420434,44.2893745,2025,7,61.79,18.52,0.53
"406","44.2893745,-73.2420434",2025-07-25,114,"Sweet Roots Farm",44,2419,-73.2420434,44.2893745,2025,7,79.77,23.17,6.21
"407","44.29804,-73.1885194",2022-07-06,2,"Adam's Berry Farm",0,92,-73.1885194,44.29804,2022,7,75.99,18.7,2.71
"408","44.29804,-73.1885194",2022-07-11,29,"Adam's Berry Farm",0,4,-73.1885194,44.29804,2022,7,71.45,21.35,0.24
"409","44.29804,-73.1885194",2022-07-12,3,"Adam's Berry Farm",0,18,-73.1885194,44.29804,2022,7,81.03,22.12,6.79
"410","44.29804,-73.1885194",2022-08-01,27,"Adam's Berry Farm",0,4,-73.1885194,44.29804,2022,8,70.96,23.23,0.08
"411","44.29804,-73.1885194",2023-07-05,10,"Adam's Berry Farm",0,28,-73.1885194,44.29804,2023,7,67.37,26.01,1.28
"412","44.29804,-73.1885194",2023-07-12,26,"Adam's Berry Farm",0,16,-73.1885194,44.29804,2023,7,70.97,21.52,0.49
"413","44.29804,-73.1885194",2023-07-26,19,"Adam's Berry Farm",1,21,-73.1885194,44.29804,2023,7,79.71,22.44,0.28
"414","44.29804,-73.1885194",2023-07-26,33,"Adam's Berry Farm",0,5,-73.1885194,44.29804,2023,7,79.71,22.44,0.28
"415","44.29804,-73.1885194",2023-09-24,82,"Adam's Berry Farm",46,122,-73.1885194,44.29804,2023,9,69.27,14.89,0.02
"416","44.29804,-73.1885194",2024-05-28,47,"Adam's Berry Farm",0,48,-73.1885194,44.29804,2024,5,80.3,18.19,4.44
"417","44.29804,-73.1885194",2024-06-27,53,"Adam's Berry Farm",0,1134,-73.1885194,44.29804,2024,6,75.98,16.81,1.48
"418","44.29804,-73.1885194",2024-07-09,65,"Adam's Berry Farm",13,1488,-73.1885194,44.29804,2024,7,78.19,24.31,4.22
"419","44.29804,-73.1885194",2024-07-18,71,"Adam's Berry Farm",7,262,-73.1885194,44.29804,2024,7,76.78,20.04,0.27
"420","44.29804,-73.1885194",2024-07-21,59,"Adam's Berry Farm",80,672,-73.1885194,44.29804,2024,7,72.82,18.94,2.14
"421","44.29804,-73.1885194",2024-07-25,54,"Adam's Berry Farm",40,690,-73.1885194,44.29804,2024,7,80.8,20.45,2.9
"422","44.29804,-73.1885194",2024-08-14,74,"Adam's Berry Farm",170,271,-73.1885194,44.29804,2024,8,78.14,21.11,0.65
"423","44.29804,-73.1885194",2024-08-22,69,"Adam's Berry Farm",93,229,-73.1885194,44.29804,2024,8,86.78,15.65,1.79
"424","44.29804,-73.1885194",2024-09-05,73,"Adam's Berry Farm",211,540,-73.1885194,44.29804,2024,9,75.51,18.21,0
"425","44.29804,-73.1885194",2024-09-17,76,"Adam's Berry Farm",56,106,-73.1885194,44.29804,2024,9,73.96,21.68,0
"426","44.29804,-73.1885194",2024-10-09,40,"Adam's Berry Farm",31,93,-73.1885194,44.29804,2024,10,83.49,8.06,1.76
"427","44.29804,-73.1885194",2024-10-18,78,"Adam's Berry Farm",2,9,-73.1885194,44.29804,2024,10,61.39,9.02,0
"428","44.29804,-73.1885194",2025-05-27,88,"Adam's Berry Farm",0,475,-73.1885194,44.29804,2025,5,62.28,17.87,0
"429","44.29804,-73.1885194",2025-06-16,87,"Adam's Berry Farm",0,42,-73.1885194,44.29804,2025,6,73.12,19.36,0.08
"430","44.29804,-73.1885194",2025-06-27,100,"Adam's Berry Farm",1,1230,-73.1885194,44.29804,2025,6,65.61,18.18,2.33
"431","44.29804,-73.1885194",2025-07-02,101,"Adam's Berry Farm",0,150,-73.1885194,44.29804,2025,7,74.27,23.19,0.66
"432","44.29804,-73.1885194",2025-07-11,110,"Adam's Berry Farm",4,1501,-73.1885194,44.29804,2025,7,70.35,24.53,1.9
"433","44.29804,-73.1885194",2025-07-18,116,"Adam's Berry Farm",7,881,-73.1885194,44.29804,2025,7,61.79,18.52,0.53
"434","44.29804,-73.1885194",2025-07-26,120,"Adam's Berry Farm",4,249,-73.1885194,44.29804,2025,7,68.85,22.49,0.3
"435","44.5147926,-72.926916",2025-05-27,91,"Covered Bridge Farm",0,113,-72.926916,44.5147926,2025,5,62.28,17.87,0
"436","44.5147926,-72.926916",2025-06-13,90,"Covered Bridge Farm",0,1137,-72.926916,44.5147926,2025,6,67.06,13.77,0.05
"437","44.5147926,-72.926916",2025-06-20,96,"Covered Bridge Farm",0,167,-72.926916,44.5147926,2025,6,78.12,18.03,3.51
"438","44.5147926,-72.926916",2025-06-30,98,"Covered Bridge Farm",0,222,-72.926916,44.5147926,2025,6,69.45,22.95,0.14
"439","44.5147926,-72.926916",2025-07-07,102,"Covered Bridge Farm",0,152,-72.926916,44.5147926,2025,7,77.76,25.45,10.54
"440","44.5147926,-72.926916",2025-07-14,107,"Covered Bridge Farm",0,170,-72.926916,44.5147926,2025,7,83.67,24.74,9.3
"441","44.5147926,-72.926916",2025-07-18,111,"Covered Bridge Farm",4,188,-72.926916,44.5147926,2025,7,61.79,18.52,0.53
"442","44.5147926,-72.926916",2025-07-21,112,"Covered Bridge Farm",4,4046,-72.926916,44.5147926,2025,7,71.91,16.58,1.62
"443","44.5147926,-72.926916",2025-07-28,117,"Covered Bridge Farm",11,1151,-72.926916,44.5147926,2025,7,76.23,24.85,0.84
